title,company,location,link
Python Software Developer,"Old Mission Capital, LLC","Chicago, IL",https://stackoverflow.com/jobs/237203
Software Developer Python,Husys,"Hyderabad, India",https://stackoverflow.com/jobs/364529
Senior Software Developer (Python-Django),Skizzle Technolabs India Private Limited,"Kochi, India",https://stackoverflow.com/jobs/427201
Senior Python Developer,Akshay Staffing and Recruitment Services,"Hyderabad, India",https://stackoverflow.com/jobs/431903
Python Developer,Ahex Technologies,"Hyderabad, India",https://stackoverflow.com/jobs/431894
Python Application Developer- London,"JPMorgan Chase Bank, N.A.","London, UK",https://stackoverflow.com/jobs/431300
Senior Software Engineer - Python,YouGov,"Warsaw, Poland",https://stackoverflow.com/jobs/422635
PYTHON DEVELOPER,Crashmeal,"Hyderabad, India",https://stackoverflow.com/jobs/343506
Full Stack (Python/React) Software engineer,"JPMorgan Chase Bank, N.A.","New York, NY",https://stackoverflow.com/jobs/421440
Pythonエンジニア/システムインテグレータ・ソフトハウス,株式会社 ゼロフィールド,"Minato City, Japan",https://stackoverflow.com/jobs/402856
Python Software Engineer,bloomon,"Amsterdam, Netherlands",https://stackoverflow.com/jobs/286140
Full Stack Developer - Python & Django,CleverGround Technologies,"Pune, India",https://stackoverflow.com/jobs/427588
Python Developer,Sagarsoft India Limited,"Hyderabad, India",https://stackoverflow.com/jobs/431909
Senior Python Engineer,Tivix,"Wrocław, Poland",https://stackoverflow.com/jobs/420641
Python Developer,De La Rue North America Holdings,"Logan, UT",https://stackoverflow.com/jobs/431392
Backend Developer – Python/Django,5 Monkeys Agency AB,"Göteborg, Sweden",https://stackoverflow.com/jobs/426940
Sr. Python Developer,Chakravuyha Software Technologies pvt Ltd,"Hyderabad, India",https://stackoverflow.com/jobs/431902
Python Developer,Promantra Synergy Solutions Ltd.,"Hyderabad, India",https://stackoverflow.com/jobs/431907
Senior Python Developer,YouGov,"Bengaluru, India",https://stackoverflow.com/jobs/400054
Full Stack Developer - Python & Django,LiveHealth,"Pune, India",https://stackoverflow.com/jobs/387071
Python Developer,YouGov,"Bengaluru, India",https://stackoverflow.com/jobs/413507
Mid-Level Backend Software Engineer (Python / Django),"Tivix, Inc.","Wrocław, Poland",https://stackoverflow.com/jobs/420639
Principal Software Engineer -Python - Contact Center,Delivery Hero SE,"Berlin, Germany",https://stackoverflow.com/jobs/420083
Python Developer,SevenMentor Pct. Ltd,"Pune, India",https://stackoverflow.com/jobs/412679
Python/Django Developer,GeekBull Consulting,"Hyderabad, India",https://stackoverflow.com/jobs/431897
Python Software Engineer - Glasgow - Associate,"JPMorgan Chase Bank, N.A.","Glasgow, UK",https://stackoverflow.com/jobs/427792
Backend Software Engineer (Python or Java),F-Secure,"Helsinki, Finland",https://stackoverflow.com/jobs/430332
Python Developer,GeekyWorks,"Pune, India",https://stackoverflow.com/jobs/408881
Full Stack (Python/React) Software engineer,"JPMorgan Chase Bank, N.A.","New York, NY",https://stackoverflow.com/jobs/421440
Pythonエンジニア/システムインテグレータ・ソフトハウス,株式会社 ゼロフィールド,"Minato City, Japan",https://stackoverflow.com/jobs/402856
Python Developer,InfoMagnus,"Hyderabad, India",https://stackoverflow.com/jobs/343508
Python Developer,Ladder Consultancy Services,"Mumbai, India",https://stackoverflow.com/jobs/405225
Python/Django Developer,KGtoPG.com,"Hyderabad, India",https://stackoverflow.com/jobs/431891
Senior python/django Developer,Div International Technology Services,"Hyderabad, India",https://stackoverflow.com/jobs/431906
Senior Python Back End Engineer (Remote-Brazil),Loadsmart,No office location,https://stackoverflow.com/jobs/430974
Senior Full-stack web developer - Python,CBOE Global MarketsviaHays plc,"London, UK",https://stackoverflow.com/jobs/355023
Python Full Stack Developer,GRK Technologies,"Hyderabad, India",https://stackoverflow.com/jobs/426345
Python/Django Developer,Spiria Digital,"Oakville, ON, Canada",https://stackoverflow.com/jobs/409892
Sr. Python Developer,Chakravuyha Software Technologies pvt Ltd,"Hyderabad, India",https://stackoverflow.com/jobs/431902
Python Developer,Acumen Technical Advisory Private Limited,"Bengaluru, India",https://stackoverflow.com/jobs/380357
Python Developer,Nesh Technologies,"Chennai, India",https://stackoverflow.com/jobs/427932
Data Engineer (Python/Postgres),Omicron,"Orlando, FL",https://stackoverflow.com/jobs/427856
Junior Python Backend Developer,Finpoint,"Bengaluru, India",https://stackoverflow.com/jobs/349727
Sr. Python Developer,MBR Informatics,"Hyderabad, India",https://stackoverflow.com/jobs/431899
Senior Backend Engineer - Python,APNATIME TECH PRIVATE LIMITED,No office location,https://stackoverflow.com/jobs/411044
Full Stack Developer - Python & Django,LiveHealth,"Pune, India",https://stackoverflow.com/jobs/387071
Django/Python Backend Engineer,PolicyFly,No office location,https://stackoverflow.com/jobs/415347
Python/ Flask Developer,Ibexlabs LLC,"Hyderabad, India",https://stackoverflow.com/jobs/431892
Backend Developer – Python/Django,5 Monkeys Agency AB,"Stockholm, Sweden",https://stackoverflow.com/jobs/426938
Python Developer/Senior Python Developer,Crebritech,"Noida, India",https://stackoverflow.com/jobs/384512
Data Engineer (Python/Postgres),Omicron,"Orlando, FL",https://stackoverflow.com/jobs/427856
Mid-Senior Python / Django Engineer,Octopus Energy,"Melbourne, Australia",https://stackoverflow.com/jobs/427558
Python Developers,JB Solutions,,https://stackoverflow.com/jobs/419998
Python Developer,InfoMagnus,"Hyderabad, India",https://stackoverflow.com/jobs/343508
Python Developer,Quantam Select International,"Mumbai, India",https://stackoverflow.com/jobs/405227
Senior Python Back End Engineer (Remote-Brazil),Loadsmart,No office location,https://stackoverflow.com/jobs/430974
Python/Django Software Developer (m/f/d),ClimatePartner,"München, Deutschland",https://stackoverflow.com/jobs/361172
Senior Full-stack web developer - Python,CBOE Global MarketsviaHays plc,"London, UK",https://stackoverflow.com/jobs/355023
Python Developer (Rust a huge plus) (Remote),X-Team,No office location,https://stackoverflow.com/jobs/431612
Python Full Stack Developer,GRK Technologies,"Hyderabad, India",https://stackoverflow.com/jobs/426345
Python Developer,Ladder Consultancy Services,"Mumbai, India",https://stackoverflow.com/jobs/405225
Python Developer,Nesh Technologies,"Chennai, India",https://stackoverflow.com/jobs/427932
Sr. Python Software Engineer,Global Reach Consulting LLC,"Reston, VA",https://stackoverflow.com/jobs/417839
Sr. Python Developer,MBR Informatics,"Hyderabad, India",https://stackoverflow.com/jobs/431899
Junior Python Backend Developer,Finpoint,"Bengaluru, India",https://stackoverflow.com/jobs/349727
Senior Python Engineer for Booking Backend Tribe,Kiwi.com,"Prague, Czechia",https://stackoverflow.com/jobs/410394
Backend Engineer - Python (m/f/d),Laya Technologies,"Munich, Germany",https://stackoverflow.com/jobs/333801
Senior Python Developer,Lab Technologies SA,"Chiasso, Switzerland",https://stackoverflow.com/jobs/331824
Python Developer,Grid Logic Software Private Limited,"Hyderabad, India",https://stackoverflow.com/jobs/364555
Python Full Stack Developer,REPAY,"Tempe, AZ",https://stackoverflow.com/jobs/386498
Full Stack Engineer (React + Python),Revel SystemsviaWork in Lithuania,"Vilnius, Lithuania",https://stackoverflow.com/jobs/411392
Python Developer,Acumen Technical Advisory Private Limited,"Bengaluru, India",https://stackoverflow.com/jobs/380357
開発×Python,株式会社キャリアデザインITパートナーズ,"Chiyoda City, Japan",https://stackoverflow.com/jobs/415080
Python and Django Developer,Vivenns,"Hyderabad, India",https://stackoverflow.com/jobs/343535
Backend Developer (Python + Django),Hansel Pvt. Ltd.,"Bengaluru, India",https://stackoverflow.com/jobs/349749
Data Engineer (Python/Postgres),Omicron,"Orlando, FL",https://stackoverflow.com/jobs/427856
Software Engineering - Python Developer,"JPMorgan Chase Bank, N.A.","Buenos Aires, Argentina",https://stackoverflow.com/jobs/426983
Python Developer,Acumen Technical Advisory Private Limited,"Bengaluru, India",https://stackoverflow.com/jobs/380357
Software Developer In Test- Python/NoSQL/ETL environment,"JPMorgan Chase Bank, N.A.","Jersey City, NJ",https://stackoverflow.com/jobs/427837
Software Developer - Python / AWS - India,HEROIC Cybersecurity,"Pune, India",https://stackoverflow.com/jobs/371935
開発×Python,株式会社キャリアデザインITパートナーズ,"Chiyoda City, Japan",https://stackoverflow.com/jobs/415080
Backend Developer (Python + Django),Hansel Pvt. Ltd.,"Bengaluru, India",https://stackoverflow.com/jobs/349749
Python Backend Developer / Data Engineer for Geo Applications,GAF AG,"München, Deutschland",https://stackoverflow.com/jobs/407481
Senior Python Engineer,Creative Group,"Amsterdam, Netherlands",https://stackoverflow.com/jobs/429640
Python/Django Software Developer (m/f/d),ClimatePartner,"München, Deutschland",https://stackoverflow.com/jobs/361172
Python programmer,HJ Software,"Hyderabad, India",https://stackoverflow.com/jobs/343481
Senior Python Developer for Finance Tribe,Kiwi.com,"Prague, Czechia",https://stackoverflow.com/jobs/410395
Senior Backend Software Engineer (Python),"Curative, Inc",No office location,https://stackoverflow.com/jobs/408170
Full Stack Software Developer ( python and/or perl code ),European Bioinformatics Institute (EMBL-EBI),"Hinxton, UK",https://stackoverflow.com/jobs/427274
Python developer,LiteBreeze,"Kochi, India",https://stackoverflow.com/jobs/360451
Software Developer C++/Python (f/m),UBIMET GmbH,"Wien, Österreich",https://stackoverflow.com/jobs/388220
Python Software Engineer Senior,Dell Technologies Latin America,"Porto Alegre, Brazil",https://stackoverflow.com/jobs/417480
Python Developer,Datagrid Digital Marketing Agency,"Mumbai, India",https://stackoverflow.com/jobs/405223
Python Developer,Karvy Analytics,"Hyderabad, India",https://stackoverflow.com/jobs/364556
Senior Full Stack Web Software Engineer (Javascript/Python),"JPMorgan Chase Bank, N.A.","Houston, TX",https://stackoverflow.com/jobs/421866
Lead Engineer Backend / Python (m/f/x),Alasco,"München, Germany",https://stackoverflow.com/jobs/388312
PYTHON DEVELOPER,Cilans System,"Ahmedabad, India",https://stackoverflow.com/jobs/381159
Software Engineering -Python,"JPMorgan Chase Bank, N.A.","Glasgow, UK",https://stackoverflow.com/jobs/427369
Software Engineering - Python,"JPMorgan Chase Bank, N.A.","Bengaluru, India",https://stackoverflow.com/jobs/429823
Sr Python/Django Developer,Vedya Info Solutions,"Bengaluru, India",https://stackoverflow.com/jobs/349774
Software Engineering- Python,"JPMorgan Chase Bank, N.A.","Glasgow, UK",https://stackoverflow.com/jobs/431355
Software Engineer - Python,"JPMorgan Chase Bank, N.A.","Buenos Aires, Argentina",https://stackoverflow.com/jobs/422474
Lead Engineer Backend / Python (m/f/x),Alasco,"München, Germany",https://stackoverflow.com/jobs/388312
PYTHON DEVELOPER,Cilans System,"Ahmedabad, India",https://stackoverflow.com/jobs/381159
Motivated Python Developer for Microsoft Flight Simulator,Bongfish GmbH,"Graz, Österreich",https://stackoverflow.com/jobs/417801
Python Developer (Backend),Energyworx,"Houten, Netherlands",https://stackoverflow.com/jobs/165665
Software Engineering - Python,"JPMorgan Chase Bank, N.A.","Bengaluru, India",https://stackoverflow.com/jobs/429823
Software Consultant (Python & PostgreSQL),Energytech Global,"Hyderabad, India",https://stackoverflow.com/jobs/343477
Full-Stack Python Engineer,Gorgias,"Paris, France",https://stackoverflow.com/jobs/333474
Full Stack Software Engineer (Python),Family Zone,"Perth, Australia",https://stackoverflow.com/jobs/417421
PAYアプリケーションエンジニア(Python),type転職エージェント,"Shibuya City, Japan",https://stackoverflow.com/jobs/309585
Python Solution Architect,FullStackTechies,"Bengaluru, India",https://stackoverflow.com/jobs/380352
Software Engineer - Python/Big Data,"JPMorgan Chase Bank, N.A.","Newark, DE",https://stackoverflow.com/jobs/421392
Python Developer (Fresher),V2STech Solutions,"Thane, India",https://stackoverflow.com/jobs/405262
Python Developer,Security Brigade,"Mumbai, India",https://stackoverflow.com/jobs/347252
Python Software Engineer,Administrate,"Beirut, Lebanon",https://stackoverflow.com/jobs/371364
Software Engineering - Vice President (Python),"JPMorgan Chase Bank, N.A.","Glasgow, UK",https://stackoverflow.com/jobs/427373
Senior Backend Engineer (Python/Django),Chaturbate,No office location,https://stackoverflow.com/jobs/271844
"Java,.net,Python,Android,Web Designing,Software Testing",V P Placement,"Pune, India",https://stackoverflow.com/jobs/417023
Software Engineering - Python Developer,"JPMorgan Chase Bank, N.A.","New York, NY",https://stackoverflow.com/jobs/420728
Python Data Engineer,BitEdgeviaHays plc,No office location,https://stackoverflow.com/jobs/420749
Engineering Manager - (Python/Go),Stott and May Inc.viaStott and May Inc.,"New York, NY",https://stackoverflow.com/jobs/384346
Python Backend Developer (f/m) 100%,Sunrise Communications AG,"Opfikon, Switzerland",https://stackoverflow.com/jobs/428110
Python Developer,YouGov,No office location,https://stackoverflow.com/jobs/407736
"Fullstack Engineer - Python/Flask, React (100% Remote)",Postscript,No office location,https://stackoverflow.com/jobs/420136
Software Engineering - Vice President (Python),"JPMorgan Chase Bank, N.A.","Glasgow, UK",https://stackoverflow.com/jobs/427371
Software Engineering- Python,"JPMorgan Chase Bank, N.A.","Glasgow, UK",https://stackoverflow.com/jobs/431355
Python Developer (Backend),Energyworx,"Houten, Netherlands",https://stackoverflow.com/jobs/165665
Software Engineering - Python Developer,"JPMorgan Chase Bank, N.A.","New York, NY",https://stackoverflow.com/jobs/420728
Senior Python Engineer for Booking Backend Tribe,Kiwi.com,"Bratislava, Slovakia",https://stackoverflow.com/jobs/413431
"Fullstack Engineer - Python/Flask, React (100% Remote)",Postscript,No office location,https://stackoverflow.com/jobs/420136
"Python Developer (Onsite in Paris, or Remote in France, UK, Germany)",PeopleDoc,No office location,https://stackoverflow.com/jobs/424545
Lead Software Engineer - Python,Tempo,"San Francisco, CA",https://stackoverflow.com/jobs/414286
Sr. Python Engineer [100% Remote],Clevertech,No office location,https://stackoverflow.com/jobs/429681
Software Engineering - Python Developer,"JPMorgan Chase Bank, N.A.","Buenos Aires, Argentina",https://stackoverflow.com/jobs/430907
Python / Java / Quant Software Engineer,"JPMorgan Chase Bank, N.A.","Jersey City, NJ",https://stackoverflow.com/jobs/425468
Remote Senior Developer (ReactJS / Python / Django),JBS Custom Software Solutions,No office location,https://stackoverflow.com/jobs/372563
Python Backend Developer (m/f/d) - Industrial Data Science and Software,Smart Steel Technologies GmbH,"Berlin, Germany",https://stackoverflow.com/jobs/334428
Python Backend Developer (f/m) 100%,Sunrise Communications AG,"Opfikon, Switzerland",https://stackoverflow.com/jobs/428110
AI/MLエンジニア(Python・Django)/インターネット/Webサービス・ASP,株式会社 MILIZE,"Minato City, Japan",https://stackoverflow.com/jobs/401937
システムプログラミング (業務用ソフトウェアの設計・開発・保守) Python,株式会社スタッフサービス,"Koto City, Japan",https://stackoverflow.com/jobs/416518
Software Engineering - Python,"JPMorgan Chase Bank, N.A.","Glasgow, UK",https://stackoverflow.com/jobs/427375
Python Data Engineer,BitEdgeviaHays plc,No office location,https://stackoverflow.com/jobs/420749
"Software Engineer Python, Machine Learning/AI",Truedge Software Solutions,"Hyderabad, India",https://stackoverflow.com/jobs/343504
Senior Software Engineer - Big Data/Python,"JPMorgan Chase Bank, N.A.","Newark, DE",https://stackoverflow.com/jobs/422433
Python Developer suchen Kollegen (m/w/d),solute GmbH,"Karlsruhe, Deutschland",https://stackoverflow.com/jobs/284443
Senior Software Developer Python (m/w/d),noris network AG,"Nürnberg, Deutschland",https://stackoverflow.com/jobs/423476
Team Lead Engineering – API/Python (m/f/d),Laya Technologies,"München, Germany",https://stackoverflow.com/jobs/416103
"Application developer, Python (Front Arena)",ITech Consult AG,"Zürich, Switzerland",https://stackoverflow.com/jobs/431620
Senior Full Stack Python Engineer,RippleMatch,"New York, NY",https://stackoverflow.com/jobs/348517
Senior Full Stack Python Developer,REPAY,"Tempe, AZ",https://stackoverflow.com/jobs/427297
Python Developer suchen Kollegen (m/w/d),solute GmbH,"Karlsruhe, Deutschland",https://stackoverflow.com/jobs/284443
"Python Developer (Onsite in Paris, or Remote in France, UK, Germany)",PeopleDoc,No office location,https://stackoverflow.com/jobs/424545
Team Lead Engineering – API/Python (m/f/d),Laya Technologies,"München, Germany",https://stackoverflow.com/jobs/416103
"Software Engineer (Ada, Python, Spark, Z)",Altran UK,"Bath, UK",https://stackoverflow.com/jobs/377147
Senior Software Engineer - Python,DIGARC,No office location,https://stackoverflow.com/jobs/425402
Pythonエンジニア,株式会社アウルキャンプ,"Bunkyo City, Japan",https://stackoverflow.com/jobs/424876
即日/交通費全額支給 Python(Django)のPG募集,株式会社エーティーエス,"Minato City, Japan",https://stackoverflow.com/jobs/394703
サーバーサイドエンジニア(Python),株式会社インター・ビュー,"Shinagawa City, Japan",https://stackoverflow.com/jobs/432257
Python Technical Lead,FullStackTechies,"Bengaluru, India",https://stackoverflow.com/jobs/380325
Pythonエンジニア,株式会社ダイヤモンドファンタジー,"Chuo City, Japan",https://stackoverflow.com/jobs/309531
Senior Python Developer,Symphisys,"Hyderabad, India",https://stackoverflow.com/jobs/405090
"Application developer, Python (Front Arena)",ITech Consult AG,"Zürich, Switzerland",https://stackoverflow.com/jobs/431620
Senior Full Stack Software Engineer (React Python Flask),FineTune Learning,No office location,https://stackoverflow.com/jobs/400104
"時給3,600円 複数名募集/Python/Webアプリ開発",株式会社エーティーエス,"千代田区, Japan",https://stackoverflow.com/jobs/428845
Software Engineer (Python Data Stack) (m/f/d),QuantCo,"Karlsruhe, Germany",https://stackoverflow.com/jobs/349976
(Senior) Software Developer – Data Engineering (m/f/d) - Python,Limehome GmbH,"München, Germany",https://stackoverflow.com/jobs/408825
[Remote] Senior Python Developer,GTTviaWade & Wendy,"Cambridge, MA",https://stackoverflow.com/jobs/428714
Full Stack Engineer - Python/JS (d/f/m),Stylight,"München, Deutschland",https://stackoverflow.com/jobs/416801
Developer – Python,Ignite Solutions,"Pune, India",https://stackoverflow.com/jobs/351961
Full Stack Developer- Python,MNR Solutions Private Limited,"Hyderabad, India",https://stackoverflow.com/jobs/431893
Software Engineering - Python,"JPMorgan Chase Bank, N.A.","Glasgow, UK",https://stackoverflow.com/jobs/430923
Python Developer,Pattern Effects Labs,"Bengaluru, India",https://stackoverflow.com/jobs/380313
Senior Python Developer (Full-stack Developer),Nielsen Global Connect,"Chicago, IL",https://stackoverflow.com/jobs/341136
"Embedded C Developer (Python, C++)",SAR HR Consultancy,"Noida, India",https://stackoverflow.com/jobs/426300
"Senior software engineer (Typscript, Nextjs, Python, Docker/k8s, Kafka, SQL)",EverQuote Inc.,No office location,https://stackoverflow.com/jobs/385234
"Embedded C Developer (Python, C++)",SAR HR Consultancy,"Noida, India",https://stackoverflow.com/jobs/426300
Python Engineer (m/f/d),e-bot7 GmbH,"München, Germany",https://stackoverflow.com/jobs/375389
Pythonエンジニア,株式会社ダイヤモンドファンタジー,"Chuo City, Japan",https://stackoverflow.com/jobs/309531
PYTHON Developer Role,HighIQ Robotics,"Hyderabad, India",https://stackoverflow.com/jobs/431908
Golang/Python バックエンドエンジニア,株式会社WACUL,"Chiyoda City, Japan",https://stackoverflow.com/jobs/405356
Python Developer,BairesDev LLC,"San Francisco, CA",https://stackoverflow.com/jobs/430795
Technical Solutions Engineer (Python) - Remote,Scrapinghub,No office location,https://stackoverflow.com/jobs/394263
Python Engineer,"TileDB, Inc.","Cambridge, MA",https://stackoverflow.com/jobs/419347
Python Developer,LTTS,"Bengaluru, India",https://stackoverflow.com/jobs/428788
"Experienced Python Developer - Fully Remote in Euro tz - Talented, Friendly Team",ShipHero,No office location,https://stackoverflow.com/jobs/358001
Senior Full Stack Python Developer,REPAY,"Tempe, AZ",https://stackoverflow.com/jobs/427297
"QA Automation Engineer (Python, Salesforce)",HaysviaHays plc,"Denver, CO",https://stackoverflow.com/jobs/426735
Softwareentwickler Webtechnologien & Python (m/w/d),OMICRON electronics GmbH,"Salzburg, Österreich",https://stackoverflow.com/jobs/413085
Python Developer,O2F Info Solutions Pvt Ltd,"Hyderabad, India",https://stackoverflow.com/jobs/424015
Python プログラマ アプリ改修,トライアロー株式会社,"Sendai, Japan",https://stackoverflow.com/jobs/431921
Python / VoIP Engineer,TelSmart,"Zagreb, Croatia",https://stackoverflow.com/jobs/419617
Python Developer,ApplianSysviaIntec Select,"Coventry, UK",https://stackoverflow.com/jobs/410102
PHP / Python Developer,Quantified HR Private Limited,"Bengaluru, India",https://stackoverflow.com/jobs/413990
Senior Full Stack Engineer (Python),株式会社カウリス,"Chiyoda City, Japan",https://stackoverflow.com/jobs/310076
Python Software Engineer - Athena Trade and Risk Services - Vice President (VP),"JPMorgan Chase Bank, N.A.","London, UK",https://stackoverflow.com/jobs/426970
python trainer,Schema Technologies,"Hyderabad, India",https://stackoverflow.com/jobs/396720
Pythonエンジニア,株式会社ビットストロング,"Minato City, Japan",https://stackoverflow.com/jobs/424864
Python Scripting Openings in Chennai,ICS Consultancy Services,"Mumbai, India",https://stackoverflow.com/jobs/405228
Sr. Python Developer,PerspectAI,"Hyderabad, India",https://stackoverflow.com/jobs/431900
Senior Machine Learning Engineer- Python Environment,"JPMorgan Chase Bank, N.A.","Jersey City, NJ",https://stackoverflow.com/jobs/425564
python trainer,Schema Technologies,"Hyderabad, India",https://stackoverflow.com/jobs/396720
Python Scripting Openings in Chennai,ICS Consultancy Services,"Mumbai, India",https://stackoverflow.com/jobs/405228
Sr. Python Developer,PerspectAI,"Hyderabad, India",https://stackoverflow.com/jobs/431900
Python Developer,I-Protech,"Hyderabad, India",https://stackoverflow.com/jobs/431895
Senior Python Infrastructure Developer - Lead - Vice President,"JPMorgan Chase Bank, N.A.","Bournemouth, UK",https://stackoverflow.com/jobs/429124
AIプログラマ(Python),Placenta Club Co.Ltd,"Itabashi City, Japan",https://stackoverflow.com/jobs/410556
Hardware Developer Python (60-80%),Novotec Engineering AG,"Winterthur, Switzerland",https://stackoverflow.com/jobs/422911
Python Developer,LTTS,"Bengaluru, India",https://stackoverflow.com/jobs/428788
WEBプログラマ(PHP/Python/Java),株式会社ジャスウィル,"Nagoya, Japan",https://stackoverflow.com/jobs/422987
Python+ Hadoop Developer,forstaffing india,"Mumbai, India",https://stackoverflow.com/jobs/359793
Softwareentwickler Webtechnologien & Python (m/w/d),OMICRON electronics GmbH,"Salzburg, Österreich",https://stackoverflow.com/jobs/413085
Senior Python Developer (d/m/f),Bayes Esports,"Berlin, Deutschland",https://stackoverflow.com/jobs/431673
Python Developer - AI Smartinbox (f/m/d) - for our brands GMX and WEB.DE,1&1 Mail & Media Applications SE - WEB.DE | GMX | 1&1 | mail.com,"Karlsruhe, Deutschland",https://stackoverflow.com/jobs/424960
Python / VoIP Engineer,TelSmart,"Zagreb, Croatia",https://stackoverflow.com/jobs/419617
Python Engineer,Market America / Shop.com,No office location,https://stackoverflow.com/jobs/431385
Python Scripting Jobs in Pune,ICS Consultancy Services,"Hyderabad, India",https://stackoverflow.com/jobs/364535
Python Developer,ReddySys,"Hyderabad, India",https://stackoverflow.com/jobs/380945
Platform Engineer - Python or Go,HaysviaHays plc,"Raleigh, NC",https://stackoverflow.com/jobs/363246
Python Developer- AWS,HaysviaHays plc,"Tampa, FL",https://stackoverflow.com/jobs/347598
Python & Spark Developer,Nextogen,"Hyderabad, India",https://stackoverflow.com/jobs/405078
Sr. Engineering Developer (Python / Go / Ruby) - Remote,HaysviaHays plc,"Atlanta, GA",https://stackoverflow.com/jobs/377138
PHP / Python Developer,Quantified HR Private Limited,"Bengaluru, India",https://stackoverflow.com/jobs/413990
"Java,Pythonによるクレカ会員サイトの開発エンジニア",株式会社オールスマート,"Minato City, Japan",https://stackoverflow.com/jobs/431019
Software Engineers - Cloud Reliability & Infrastructure (Python or Java),Canva,"Sydney, Australia",https://stackoverflow.com/jobs/373689
"Python Software Engineer - Commodities - Front Office Athena, VP","JPMorgan Chase Bank, N.A.","Toronto, ON, Canada",https://stackoverflow.com/jobs/425538
Hardware Developer Python (60-80%),Novotec Engineering AG,"Winterthur, Switzerland",https://stackoverflow.com/jobs/422911
Engineer - Python/Big Data,"JPMorgan Chase Bank, N.A.","Newark, DE",https://stackoverflow.com/jobs/421382
Python Developer - AI Smartinbox (f/m/d) - for our brands GMX and WEB.DE,1&1 Mail & Media Applications SE - WEB.DE | GMX | 1&1 | mail.com,"Karlsruhe, Deutschland",https://stackoverflow.com/jobs/424960
Python Developer,Kirat IT Solutions,"Kolkata, India",https://stackoverflow.com/jobs/362293
Site Reliability Engineer- Python- Bournemouth,"JPMorgan Chase Bank, N.A.","New York, NY",https://stackoverflow.com/jobs/423883
"Mobile DevOps Engineer ( CI/CD, Jenkins, Ansible, AWS, Python)",buildit,"Kraków, Poland",https://stackoverflow.com/jobs/427678
Odoo/Python ERP Developer,pascom GmbH & Co KG,"Regensburg, Germany",https://stackoverflow.com/jobs/414669
Platform Engineer - Python or Go,HaysviaHays plc,"Raleigh, NC",https://stackoverflow.com/jobs/363246
"Java,Pythonによるクレカ会員サイトの開発エンジニア",株式会社オールスマート,"Minato City, Japan",https://stackoverflow.com/jobs/431019
Software Engineers - Cloud Reliability & Infrastructure (Python or Java),Canva,"Sydney, Australia",https://stackoverflow.com/jobs/373689
Sr. Engineering Developer (Python / Go / Ruby) - Remote,HaysviaHays plc,"Atlanta, GA",https://stackoverflow.com/jobs/377138
QA Automation Engineer - Python,Keywordio,"Pune, India",https://stackoverflow.com/jobs/367683
Python技術者,株式会社プロサポート,"Nagoya, Japan",https://stackoverflow.com/jobs/406492
Python Automation Tester,Innominds Software,"Hyderabad, India",https://stackoverflow.com/jobs/343453
Odoo/Python ERP developer,pascom GmbH & Co KG,"Niš, Serbia",https://stackoverflow.com/jobs/417785
"DevOps Engineer (AWS, Pivotal, Python, Java)",buildit,"Kraków, Poland",https://stackoverflow.com/jobs/298627
Python 言語をベースとしたコードを,パーソル パナソニック HRパートナーズ株式会社　テクニカル事業本部,"Seika, Japan",https://stackoverflow.com/jobs/431004
Senior Developer Python (m/w/d),cluetec GmbH,"Karlsruhe, Deutschland",https://stackoverflow.com/jobs/358217
Vice President -Software Engineering-Python Development,"JPMorgan Chase Bank, N.A.","Bengaluru, India",https://stackoverflow.com/jobs/430479
Apple Media Products (AMP) - QA Automation Engineer (Python Selenium),Apple,"London, UK",https://stackoverflow.com/jobs/426009
(Java or Python or Golang) with Microservices - Software Engineer,f5,"Hyderabad, India",https://stackoverflow.com/jobs/337134
Pythonエンジニア(経験5年以上),株式会社エーエスエル,"Chuo City, Japan",https://stackoverflow.com/jobs/429983
Sr. Engineer - Python Dev (Remote),"CrowdStrike, Inc.",No office location,https://stackoverflow.com/jobs/422701
Python / Production Escalation Engineer – ScaleUp,CareerXperts,"Bengaluru, India",https://stackoverflow.com/jobs/404222
